<?xml version="1.0" encoding="UTF-8" ?>
<module>
	<name>apisearch</name>
	<displayName><![CDATA[Apisearch]]></displayName>
	<version><![CDATA[2.1.8]]></version>
	<description><![CDATA[Integra Apisearch a la teva botiga per a una cerca r&agrave;pida i efica&ccedil;, millorant aix&iacute; l&#039;experi&egrave;ncia dels teus usuaris i augmentant les teves vendes.]]></description>
	<author><![CDATA[Apisearch (https://apisearch.io)]]></author>
	<tab><![CDATA[search_filter]]></tab>
	<is_configurable>1</is_configurable>
	<need_instance>0</need_instance>
	<limited_countries></limited_countries>
</module>